"id";"year";"product_code";"duration_in_force_month";"distribution_channel";"lapse_rate"
541;2022;"Test_lin";1;"0";0.005
542;2022;"Test_lin";2;"0";0.005
543;2022;"Test_lin";3;"0";0.005
544;2022;"Test_lin";4;"0";0.005
545;2022;"Test_lin";5;"0";0.005
546;2022;"Test_lin";6;"0";0.005
547;2022;"Test_lin";7;"0";0.005
548;2022;"Test_lin";8;"0";0.005
549;2022;"Test_lin";9;"0";0.005
550;2022;"Test_lin";10;"0";0.005
551;2022;"Test_lin";11;"0";0.005
552;2022;"Test_lin";12;"0";0.005
553;2022;"Test_lin";13;"0";0.005
554;2022;"Test_lin";14;"0";0.005
555;2022;"Test_lin";15;"0";0.005
556;2022;"Test_lin";16;"0";0.005
557;2022;"Test_lin";17;"0";0.005
558;2022;"Test_lin";18;"0";0.005
559;2022;"Test_lin";19;"0";0.005
560;2022;"Test_lin";20;"0";0.005
561;2022;"Test_lin";21;"0";0.005
562;2022;"Test_lin";22;"0";0.005
563;2022;"Test_lin";23;"0";0.005
564;2022;"Test_lin";24;"0";0.005
565;2022;"Test_lin";25;"0";0.005
566;2022;"Test_lin";26;"0";0.005
567;2022;"Test_lin";27;"0";0.005
568;2022;"Test_lin";28;"0";0.005
569;2022;"Test_lin";29;"0";0.005
570;2022;"Test_lin";30;"0";0.005
571;2022;"Test_lin";31;"0";0.005
572;2022;"Test_lin";32;"0";0.005
573;2022;"Test_lin";33;"0";0.005
574;2022;"Test_lin";34;"0";0.005
575;2022;"Test_lin";35;"0";0.005
576;2022;"Test_lin";36;"0";0.005
577;2022;"Test_lin";37;"0";0.005
578;2022;"Test_lin";38;"0";0.005
579;2022;"Test_lin";39;"0";0.005
580;2022;"Test_lin";40;"0";0.005
581;2022;"Test_lin";41;"0";0.005
582;2022;"Test_lin";42;"0";0.005
583;2022;"Test_lin";43;"0";0.005
584;2022;"Test_lin";44;"0";0.005
585;2022;"Test_lin";45;"0";0.005
586;2022;"Test_lin";46;"0";0.005
587;2022;"Test_lin";47;"0";0.005
588;2022;"Test_lin";48;"0";0.005
589;2022;"Test_lin";49;"0";0.005
590;2022;"Test_lin";50;"0";0.005
591;2022;"Test_lin";51;"0";0.005
592;2022;"Test_lin";52;"0";0.005
593;2022;"Test_lin";53;"0";0.005
594;2022;"Test_lin";54;"0";0.005
595;2022;"Test_lin";55;"0";0.005
596;2022;"Test_lin";56;"0";0.005
597;2022;"Test_lin";57;"0";0.005
598;2022;"Test_lin";58;"0";0.005
599;2022;"Test_lin";59;"0";0.005
600;2022;"Test_lin";60;"0";0.005
601;2022;"Test_lin";61;"0";0.005
602;2022;"Test_lin";62;"0";0.005
603;2022;"Test_lin";63;"0";0.005
604;2022;"Test_lin";64;"0";0.005
605;2022;"Test_lin";65;"0";0.005
606;2022;"Test_lin";66;"0";0.005
607;2022;"Test_lin";67;"0";0.005
608;2022;"Test_lin";68;"0";0.005
609;2022;"Test_lin";69;"0";0.005
610;2022;"Test_lin";70;"0";0.005
611;2022;"Test_lin";71;"0";0.005
612;2022;"Test_lin";72;"0";0.005
613;2022;"Test_lin";73;"0";0.005
614;2022;"Test_lin";74;"0";0.005
615;2022;"Test_lin";75;"0";0.005
616;2022;"Test_lin";76;"0";0.005
617;2022;"Test_lin";77;"0";0.005
618;2022;"Test_lin";78;"0";0.005
619;2022;"Test_lin";79;"0";0.005
620;2022;"Test_lin";80;"0";0.005
621;2022;"Test_lin";81;"0";0.005
622;2022;"Test_lin";82;"0";0.005
623;2022;"Test_lin";83;"0";0.005
624;2022;"Test_lin";84;"0";0.005
625;2022;"Test_lin";85;"0";0.005
626;2022;"Test_lin";86;"0";0.005
627;2022;"Test_lin";87;"0";0.005
628;2022;"Test_lin";88;"0";0.005
629;2022;"Test_lin";89;"0";0.005
630;2022;"Test_lin";90;"0";0.005
631;2022;"Test_lin";91;"0";0.005
632;2022;"Test_lin";92;"0";0.005
633;2022;"Test_lin";93;"0";0.005
634;2022;"Test_lin";94;"0";0.005
635;2022;"Test_lin";95;"0";0.005
636;2022;"Test_lin";96;"0";0.005
637;2022;"Test_lin";97;"0";0.005
638;2022;"Test_lin";98;"0";0.005
639;2022;"Test_lin";99;"0";0.005
640;2022;"Test_lin";100;"0";0.005
641;2022;"Test_lin";101;"0";0.005
642;2022;"Test_lin";102;"0";0.005
643;2022;"Test_lin";103;"0";0.005
644;2022;"Test_lin";104;"0";0.005
645;2022;"Test_lin";105;"0";0.005
646;2022;"Test_lin";106;"0";0.005
647;2022;"Test_lin";107;"0";0.005
648;2022;"Test_lin";108;"0";0.005
649;2022;"Test_lin";109;"0";0.005
650;2022;"Test_lin";110;"0";0.005
651;2022;"Test_lin";111;"0";0.005
652;2022;"Test_lin";112;"0";0.005
653;2022;"Test_lin";113;"0";0.005
654;2022;"Test_lin";114;"0";0.005
655;2022;"Test_lin";115;"0";0.005
656;2022;"Test_lin";116;"0";0.005
657;2022;"Test_lin";117;"0";0.005
658;2022;"Test_lin";118;"0";0.005
659;2022;"Test_lin";119;"0";0.005
660;2022;"Test_lin";120;"0";0.005
661;2022;"Test_lin";121;"0";0.005
662;2022;"Test_lin";122;"0";0.005
663;2022;"Test_lin";123;"0";0.005
664;2022;"Test_lin";124;"0";0.005
665;2022;"Test_lin";125;"0";0.005
666;2022;"Test_lin";126;"0";0.005
667;2022;"Test_lin";127;"0";0.005
668;2022;"Test_lin";128;"0";0.005
669;2022;"Test_lin";129;"0";0.005
670;2022;"Test_lin";130;"0";0.005
671;2022;"Test_lin";131;"0";0.005
672;2022;"Test_lin";132;"0";0.005
673;2022;"Test_lin";133;"0";0.005
674;2022;"Test_lin";134;"0";0.005
675;2022;"Test_lin";135;"0";0.005
676;2022;"Test_lin";136;"0";0.005
677;2022;"Test_lin";137;"0";0.005
678;2022;"Test_lin";138;"0";0.005
679;2022;"Test_lin";139;"0";0.005
680;2022;"Test_lin";140;"0";0.005
681;2022;"Test_lin";141;"0";0.005
682;2022;"Test_lin";142;"0";0.005
683;2022;"Test_lin";143;"0";0.005
684;2022;"Test_lin";144;"0";0.005
685;2022;"Test_lin";145;"0";0.005
686;2022;"Test_lin";146;"0";0.005
687;2022;"Test_lin";147;"0";0.005
688;2022;"Test_lin";148;"0";0.005
689;2022;"Test_lin";149;"0";0.005
690;2022;"Test_lin";150;"0";0.005
691;2022;"Test_lin";151;"0";0.005
692;2022;"Test_lin";152;"0";0.005
693;2022;"Test_lin";153;"0";0.005
694;2022;"Test_lin";154;"0";0.005
695;2022;"Test_lin";155;"0";0.005
696;2022;"Test_lin";156;"0";0.005
697;2022;"Test_lin";157;"0";0.005
698;2022;"Test_lin";158;"0";0.005
699;2022;"Test_lin";159;"0";0.005
700;2022;"Test_lin";160;"0";0.005
701;2022;"Test_lin";161;"0";0.005
702;2022;"Test_lin";162;"0";0.005
703;2022;"Test_lin";163;"0";0.005
704;2022;"Test_lin";164;"0";0.005
705;2022;"Test_lin";165;"0";0.005
706;2022;"Test_lin";166;"0";0.005
707;2022;"Test_lin";167;"0";0.005
708;2022;"Test_lin";168;"0";0.005
709;2022;"Test_lin";169;"0";0.005
710;2022;"Test_lin";170;"0";0.005
711;2022;"Test_lin";171;"0";0.005
712;2022;"Test_lin";172;"0";0.005
713;2022;"Test_lin";173;"0";0.005
714;2022;"Test_lin";174;"0";0.005
715;2022;"Test_lin";175;"0";0.005
716;2022;"Test_lin";176;"0";0.005
717;2022;"Test_lin";177;"0";0.005
718;2022;"Test_lin";178;"0";0.005
719;2022;"Test_lin";179;"0";0.005
720;2022;"Test_lin";180;"0";0.005
721;2022;"Test_lin";181;"0";0.005
722;2022;"Test_lin";182;"0";0.005
723;2022;"Test_lin";183;"0";0.005
724;2022;"Test_lin";184;"0";0.005
725;2022;"Test_lin";185;"0";0.005
726;2022;"Test_lin";186;"0";0.005
727;2022;"Test_lin";187;"0";0.005
728;2022;"Test_lin";188;"0";0.005
729;2022;"Test_lin";189;"0";0.005
730;2022;"Test_lin";190;"0";0.005
731;2022;"Test_lin";191;"0";0.005
732;2022;"Test_lin";192;"0";0.005
733;2022;"Test_lin";193;"0";0.005
734;2022;"Test_lin";194;"0";0.005
735;2022;"Test_lin";195;"0";0.005
736;2022;"Test_lin";196;"0";0.005
737;2022;"Test_lin";197;"0";0.005
738;2022;"Test_lin";198;"0";0.005
739;2022;"Test_lin";199;"0";0.005
740;2022;"Test_lin";200;"0";0.005
741;2022;"Test_lin";201;"0";0.005
742;2022;"Test_lin";202;"0";0.005
743;2022;"Test_lin";203;"0";0.005
744;2022;"Test_lin";204;"0";0.005
745;2022;"Test_lin";205;"0";0.005
746;2022;"Test_lin";206;"0";0.005
747;2022;"Test_lin";207;"0";0.005
748;2022;"Test_lin";208;"0";0.005
749;2022;"Test_lin";209;"0";0.005
750;2022;"Test_lin";210;"0";0.005
751;2022;"Test_lin";211;"0";0.005
752;2022;"Test_lin";212;"0";0.005
753;2022;"Test_lin";213;"0";0.005
754;2022;"Test_lin";214;"0";0.005
755;2022;"Test_lin";215;"0";0.005
756;2022;"Test_lin";216;"0";0.005
757;2022;"Test_lin";217;"0";0.005
758;2022;"Test_lin";218;"0";0.005
759;2022;"Test_lin";219;"0";0.005
760;2022;"Test_lin";220;"0";0.005
761;2022;"Test_lin";221;"0";0.005
762;2022;"Test_lin";222;"0";0.005
763;2022;"Test_lin";223;"0";0.005
764;2022;"Test_lin";224;"0";0.005
765;2022;"Test_lin";225;"0";0.005
766;2022;"Test_lin";226;"0";0.005
767;2022;"Test_lin";227;"0";0.005
768;2022;"Test_lin";228;"0";0.005
769;2022;"Test_lin";229;"0";0.005
770;2022;"Test_lin";230;"0";0.005
771;2022;"Test_lin";231;"0";0.005
772;2022;"Test_lin";232;"0";0.005
773;2022;"Test_lin";233;"0";0.005
774;2022;"Test_lin";234;"0";0.005
775;2022;"Test_lin";235;"0";0.005
776;2022;"Test_lin";236;"0";0.005
777;2022;"Test_lin";237;"0";0.005
778;2022;"Test_lin";238;"0";0.005
779;2022;"Test_lin";239;"0";0.005
780;2022;"Test_lin";240;"0";0.005
781;2022;"Test_pot";1;"0";0.005
782;2022;"Test_pot";2;"0";0.005
783;2022;"Test_pot";3;"0";0.005
784;2022;"Test_pot";4;"0";0.005
785;2022;"Test_pot";5;"0";0.005
786;2022;"Test_pot";6;"0";0.005
787;2022;"Test_pot";7;"0";0.005
788;2022;"Test_pot";8;"0";0.005
789;2022;"Test_pot";9;"0";0.005
790;2022;"Test_pot";10;"0";0.005
791;2022;"Test_pot";11;"0";0.005
792;2022;"Test_pot";12;"0";0.005
793;2022;"Test_pot";13;"0";0.005
794;2022;"Test_pot";14;"0";0.005
795;2022;"Test_pot";15;"0";0.005
796;2022;"Test_pot";16;"0";0.005
797;2022;"Test_pot";17;"0";0.005
798;2022;"Test_pot";18;"0";0.005
799;2022;"Test_pot";19;"0";0.005
800;2022;"Test_pot";20;"0";0.005
801;2022;"Test_pot";21;"0";0.005
802;2022;"Test_pot";22;"0";0.005
803;2022;"Test_pot";23;"0";0.005
804;2022;"Test_pot";24;"0";0.005
805;2022;"Test_pot";25;"0";0.005
806;2022;"Test_pot";26;"0";0.005
807;2022;"Test_pot";27;"0";0.005
808;2022;"Test_pot";28;"0";0.005
809;2022;"Test_pot";29;"0";0.005
810;2022;"Test_pot";30;"0";0.005
811;2022;"Test_pot";31;"0";0.005
812;2022;"Test_pot";32;"0";0.005
813;2022;"Test_pot";33;"0";0.005
814;2022;"Test_pot";34;"0";0.005
815;2022;"Test_pot";35;"0";0.005
816;2022;"Test_pot";36;"0";0.005
817;2022;"Test_pot";37;"0";0.005
818;2022;"Test_pot";38;"0";0.005
819;2022;"Test_pot";39;"0";0.005
820;2022;"Test_pot";40;"0";0.005
821;2022;"Test_pot";41;"0";0.005
822;2022;"Test_pot";42;"0";0.005
823;2022;"Test_pot";43;"0";0.005
824;2022;"Test_pot";44;"0";0.005
825;2022;"Test_pot";45;"0";0.005
826;2022;"Test_pot";46;"0";0.005
827;2022;"Test_pot";47;"0";0.005
828;2022;"Test_pot";48;"0";0.005
829;2022;"Test_pot";49;"0";0.005
830;2022;"Test_pot";50;"0";0.005
831;2022;"Test_pot";51;"0";0.005
832;2022;"Test_pot";52;"0";0.005
833;2022;"Test_pot";53;"0";0.005
834;2022;"Test_pot";54;"0";0.005
835;2022;"Test_pot";55;"0";0.005
836;2022;"Test_pot";56;"0";0.005
837;2022;"Test_pot";57;"0";0.005
838;2022;"Test_pot";58;"0";0.005
839;2022;"Test_pot";59;"0";0.005
840;2022;"Test_pot";60;"0";0.005
841;2022;"Test_pot";61;"0";0.005
842;2022;"Test_pot";62;"0";0.005
843;2022;"Test_pot";63;"0";0.005
844;2022;"Test_pot";64;"0";0.005
845;2022;"Test_pot";65;"0";0.005
846;2022;"Test_pot";66;"0";0.005
847;2022;"Test_pot";67;"0";0.005
848;2022;"Test_pot";68;"0";0.005
849;2022;"Test_pot";69;"0";0.005
850;2022;"Test_pot";70;"0";0.005
851;2022;"Test_pot";71;"0";0.005
852;2022;"Test_pot";72;"0";0.005
853;2022;"Test_pot";73;"0";0.005
854;2022;"Test_pot";74;"0";0.005
855;2022;"Test_pot";75;"0";0.005
856;2022;"Test_pot";76;"0";0.005
857;2022;"Test_pot";77;"0";0.005
858;2022;"Test_pot";78;"0";0.005
859;2022;"Test_pot";79;"0";0.005
860;2022;"Test_pot";80;"0";0.005
861;2022;"Test_pot";81;"0";0.005
862;2022;"Test_pot";82;"0";0.005
863;2022;"Test_pot";83;"0";0.005
864;2022;"Test_pot";84;"0";0.005
865;2022;"Test_pot";85;"0";0.005
866;2022;"Test_pot";86;"0";0.005
867;2022;"Test_pot";87;"0";0.005
868;2022;"Test_pot";88;"0";0.005
869;2022;"Test_pot";89;"0";0.005
870;2022;"Test_pot";90;"0";0.005
871;2022;"Test_pot";91;"0";0.005
872;2022;"Test_pot";92;"0";0.005
873;2022;"Test_pot";93;"0";0.005
874;2022;"Test_pot";94;"0";0.005
875;2022;"Test_pot";95;"0";0.005
876;2022;"Test_pot";96;"0";0.005
877;2022;"Test_pot";97;"0";0.005
878;2022;"Test_pot";98;"0";0.005
879;2022;"Test_pot";99;"0";0.005
880;2022;"Test_pot";100;"0";0.005
881;2022;"Test_pot";101;"0";0.005
882;2022;"Test_pot";102;"0";0.005
883;2022;"Test_pot";103;"0";0.005
884;2022;"Test_pot";104;"0";0.005
885;2022;"Test_pot";105;"0";0.005
886;2022;"Test_pot";106;"0";0.005
887;2022;"Test_pot";107;"0";0.005
888;2022;"Test_pot";108;"0";0.005
889;2022;"Test_pot";109;"0";0.005
890;2022;"Test_pot";110;"0";0.005
891;2022;"Test_pot";111;"0";0.005
892;2022;"Test_pot";112;"0";0.005
893;2022;"Test_pot";113;"0";0.005
894;2022;"Test_pot";114;"0";0.005
895;2022;"Test_pot";115;"0";0.005
896;2022;"Test_pot";116;"0";0.005
897;2022;"Test_pot";117;"0";0.005
898;2022;"Test_pot";118;"0";0.005
899;2022;"Test_pot";119;"0";0.005
900;2022;"Test_pot";120;"0";0.005
901;2022;"Test_pot";121;"0";0.005
902;2022;"Test_pot";122;"0";0.005
903;2022;"Test_pot";123;"0";0.005
904;2022;"Test_pot";124;"0";0.005
905;2022;"Test_pot";125;"0";0.005
906;2022;"Test_pot";126;"0";0.005
907;2022;"Test_pot";127;"0";0.005
908;2022;"Test_pot";128;"0";0.005
909;2022;"Test_pot";129;"0";0.005
910;2022;"Test_pot";130;"0";0.005
911;2022;"Test_pot";131;"0";0.005
912;2022;"Test_pot";132;"0";0.005
913;2022;"Test_pot";133;"0";0.005
914;2022;"Test_pot";134;"0";0.005
915;2022;"Test_pot";135;"0";0.005
916;2022;"Test_pot";136;"0";0.005
917;2022;"Test_pot";137;"0";0.005
918;2022;"Test_pot";138;"0";0.005
919;2022;"Test_pot";139;"0";0.005
920;2022;"Test_pot";140;"0";0.005
921;2022;"Test_pot";141;"0";0.005
922;2022;"Test_pot";142;"0";0.005
923;2022;"Test_pot";143;"0";0.005
924;2022;"Test_pot";144;"0";0.005
925;2022;"Test_pot";145;"0";0.005
926;2022;"Test_pot";146;"0";0.005
927;2022;"Test_pot";147;"0";0.005
928;2022;"Test_pot";148;"0";0.005
929;2022;"Test_pot";149;"0";0.005
930;2022;"Test_pot";150;"0";0.005
931;2022;"Test_pot";151;"0";0.005
932;2022;"Test_pot";152;"0";0.005
933;2022;"Test_pot";153;"0";0.005
934;2022;"Test_pot";154;"0";0.005
935;2022;"Test_pot";155;"0";0.005
936;2022;"Test_pot";156;"0";0.005
937;2022;"Test_pot";157;"0";0.005
938;2022;"Test_pot";158;"0";0.005
939;2022;"Test_pot";159;"0";0.005
940;2022;"Test_pot";160;"0";0.005
941;2022;"Test_pot";161;"0";0.005
942;2022;"Test_pot";162;"0";0.005
943;2022;"Test_pot";163;"0";0.005
944;2022;"Test_pot";164;"0";0.005
945;2022;"Test_pot";165;"0";0.005
946;2022;"Test_pot";166;"0";0.005
947;2022;"Test_pot";167;"0";0.005
948;2022;"Test_pot";168;"0";0.005
949;2022;"Test_pot";169;"0";0.005
950;2022;"Test_pot";170;"0";0.005
951;2022;"Test_pot";171;"0";0.005
952;2022;"Test_pot";172;"0";0.005
953;2022;"Test_pot";173;"0";0.005
954;2022;"Test_pot";174;"0";0.005
955;2022;"Test_pot";175;"0";0.005
956;2022;"Test_pot";176;"0";0.005
957;2022;"Test_pot";177;"0";0.005
958;2022;"Test_pot";178;"0";0.005
959;2022;"Test_pot";179;"0";0.005
960;2022;"Test_pot";180;"0";0.005
961;2022;"Test_pot";181;"0";0.005
962;2022;"Test_pot";182;"0";0.005
963;2022;"Test_pot";183;"0";0.005
964;2022;"Test_pot";184;"0";0.005
965;2022;"Test_pot";185;"0";0.005
966;2022;"Test_pot";186;"0";0.005
967;2022;"Test_pot";187;"0";0.005
968;2022;"Test_pot";188;"0";0.005
969;2022;"Test_pot";189;"0";0.005
970;2022;"Test_pot";190;"0";0.005
971;2022;"Test_pot";191;"0";0.005
972;2022;"Test_pot";192;"0";0.005
973;2022;"Test_pot";193;"0";0.005
974;2022;"Test_pot";194;"0";0.005
975;2022;"Test_pot";195;"0";0.005
976;2022;"Test_pot";196;"0";0.005
977;2022;"Test_pot";197;"0";0.005
978;2022;"Test_pot";198;"0";0.005
979;2022;"Test_pot";199;"0";0.005
980;2022;"Test_pot";200;"0";0.005
981;2022;"Test_pot";201;"0";0.005
982;2022;"Test_pot";202;"0";0.005
983;2022;"Test_pot";203;"0";0.005
984;2022;"Test_pot";204;"0";0.005
985;2022;"Test_pot";205;"0";0.005
986;2022;"Test_pot";206;"0";0.005
987;2022;"Test_pot";207;"0";0.005
988;2022;"Test_pot";208;"0";0.005
989;2022;"Test_pot";209;"0";0.005
990;2022;"Test_pot";210;"0";0.005
991;2022;"Test_pot";211;"0";0.005
992;2022;"Test_pot";212;"0";0.005
993;2022;"Test_pot";213;"0";0.005
994;2022;"Test_pot";214;"0";0.005
995;2022;"Test_pot";215;"0";0.005
996;2022;"Test_pot";216;"0";0.005
997;2022;"Test_pot";217;"0";0.005
998;2022;"Test_pot";218;"0";0.005
999;2022;"Test_pot";219;"0";0.005
1000;2022;"Test_pot";220;"0";0.005
1001;2022;"Test_pot";221;"0";0.005
1002;2022;"Test_pot";222;"0";0.005
1003;2022;"Test_pot";223;"0";0.005
1004;2022;"Test_pot";224;"0";0.005
1005;2022;"Test_pot";225;"0";0.005
1006;2022;"Test_pot";226;"0";0.005
1007;2022;"Test_pot";227;"0";0.005
1008;2022;"Test_pot";228;"0";0.005
1009;2022;"Test_pot";229;"0";0.005
1010;2022;"Test_pot";230;"0";0.005
1011;2022;"Test_pot";231;"0";0.005
1012;2022;"Test_pot";232;"0";0.005
1013;2022;"Test_pot";233;"0";0.005
1014;2022;"Test_pot";234;"0";0.005
1015;2022;"Test_pot";235;"0";0.005
1016;2022;"Test_pot";236;"0";0.005
1017;2022;"Test_pot";237;"0";0.005
1018;2022;"Test_pot";238;"0";0.005
1019;2022;"Test_pot";239;"0";0.005
1020;2022;"Test_pot";240;"0";0.005
1021;2021;"Test_lin";1;"0";0.005
1022;2021;"Test_lin";2;"0";0.005
1023;2021;"Test_lin";3;"0";0.005
1024;2021;"Test_lin";4;"0";0.005
1025;2021;"Test_lin";5;"0";0.005
1026;2021;"Test_lin";6;"0";0.005
1027;2021;"Test_lin";7;"0";0.005
1028;2021;"Test_lin";8;"0";0.005
1029;2021;"Test_lin";9;"0";0.005
1030;2021;"Test_lin";10;"0";0.005
1031;2021;"Test_lin";11;"0";0.005
1032;2021;"Test_lin";12;"0";0.005
1033;2021;"Test_lin";13;"0";0.005
1034;2021;"Test_lin";14;"0";0.005
1035;2021;"Test_lin";15;"0";0.005
1036;2021;"Test_lin";16;"0";0.005
1037;2021;"Test_lin";17;"0";0.005
1038;2021;"Test_lin";18;"0";0.005
1039;2021;"Test_lin";19;"0";0.005
1040;2021;"Test_lin";20;"0";0.005
1041;2021;"Test_lin";21;"0";0.005
1042;2021;"Test_lin";22;"0";0.005
1043;2021;"Test_lin";23;"0";0.005
1044;2021;"Test_lin";24;"0";0.005
1045;2021;"Test_lin";25;"0";0.005
1046;2021;"Test_lin";26;"0";0.005
1047;2021;"Test_lin";27;"0";0.005
1048;2021;"Test_lin";28;"0";0.005
1049;2021;"Test_lin";29;"0";0.005
1050;2021;"Test_lin";30;"0";0.005
1051;2021;"Test_lin";31;"0";0.005
1052;2021;"Test_lin";32;"0";0.005
1053;2021;"Test_lin";33;"0";0.005
1054;2021;"Test_lin";34;"0";0.005
1055;2021;"Test_lin";35;"0";0.005
1056;2021;"Test_lin";36;"0";0.005
1057;2021;"Test_lin";37;"0";0.005
1058;2021;"Test_lin";38;"0";0.005
1059;2021;"Test_lin";39;"0";0.005
1060;2021;"Test_lin";40;"0";0.005
1061;2021;"Test_lin";41;"0";0.005
1062;2021;"Test_lin";42;"0";0.005
1063;2021;"Test_lin";43;"0";0.005
1064;2021;"Test_lin";44;"0";0.005
1065;2021;"Test_lin";45;"0";0.005
1066;2021;"Test_lin";46;"0";0.005
1067;2021;"Test_lin";47;"0";0.005
1068;2021;"Test_lin";48;"0";0.005
1069;2021;"Test_lin";49;"0";0.005
1070;2021;"Test_lin";50;"0";0.005
1071;2021;"Test_lin";51;"0";0.005
1072;2021;"Test_lin";52;"0";0.005
1073;2021;"Test_lin";53;"0";0.005
1074;2021;"Test_lin";54;"0";0.005
1075;2021;"Test_lin";55;"0";0.005
1076;2021;"Test_lin";56;"0";0.005
1077;2021;"Test_lin";57;"0";0.005
1078;2021;"Test_lin";58;"0";0.005
1079;2021;"Test_lin";59;"0";0.005
1080;2021;"Test_lin";60;"0";0.005
1081;2021;"Test_lin";61;"0";0.005
1082;2021;"Test_lin";62;"0";0.005
1083;2021;"Test_lin";63;"0";0.005
1084;2021;"Test_lin";64;"0";0.005
1085;2021;"Test_lin";65;"0";0.005
1086;2021;"Test_lin";66;"0";0.005
1087;2021;"Test_lin";67;"0";0.005
1088;2021;"Test_lin";68;"0";0.005
1089;2021;"Test_lin";69;"0";0.005
1090;2021;"Test_lin";70;"0";0.005
1091;2021;"Test_lin";71;"0";0.005
1092;2021;"Test_lin";72;"0";0.005
1093;2021;"Test_lin";73;"0";0.005
1094;2021;"Test_lin";74;"0";0.005
1095;2021;"Test_lin";75;"0";0.005
1096;2021;"Test_lin";76;"0";0.005
1097;2021;"Test_lin";77;"0";0.005
1098;2021;"Test_lin";78;"0";0.005
1099;2021;"Test_lin";79;"0";0.005
1100;2021;"Test_lin";80;"0";0.005
1101;2021;"Test_lin";81;"0";0.005
1102;2021;"Test_lin";82;"0";0.005
1103;2021;"Test_lin";83;"0";0.005
1104;2021;"Test_lin";84;"0";0.005
1105;2021;"Test_lin";85;"0";0.005
1106;2021;"Test_lin";86;"0";0.005
1107;2021;"Test_lin";87;"0";0.005
1108;2021;"Test_lin";88;"0";0.005
1109;2021;"Test_lin";89;"0";0.005
1110;2021;"Test_lin";90;"0";0.005
1111;2021;"Test_lin";91;"0";0.005
1112;2021;"Test_lin";92;"0";0.005
1113;2021;"Test_lin";93;"0";0.005
1114;2021;"Test_lin";94;"0";0.005
1115;2021;"Test_lin";95;"0";0.005
1116;2021;"Test_lin";96;"0";0.005
1117;2021;"Test_lin";97;"0";0.005
1118;2021;"Test_lin";98;"0";0.005
1119;2021;"Test_lin";99;"0";0.005
1120;2021;"Test_lin";100;"0";0.005
1121;2021;"Test_lin";101;"0";0.005
1122;2021;"Test_lin";102;"0";0.005
1123;2021;"Test_lin";103;"0";0.005
1124;2021;"Test_lin";104;"0";0.005
1125;2021;"Test_lin";105;"0";0.005
1126;2021;"Test_lin";106;"0";0.005
1127;2021;"Test_lin";107;"0";0.005
1128;2021;"Test_lin";108;"0";0.005
1129;2021;"Test_lin";109;"0";0.005
1130;2021;"Test_lin";110;"0";0.005
1131;2021;"Test_lin";111;"0";0.005
1132;2021;"Test_lin";112;"0";0.005
1133;2021;"Test_lin";113;"0";0.005
1134;2021;"Test_lin";114;"0";0.005
1135;2021;"Test_lin";115;"0";0.005
1136;2021;"Test_lin";116;"0";0.005
1137;2021;"Test_lin";117;"0";0.005
1138;2021;"Test_lin";118;"0";0.005
1139;2021;"Test_lin";119;"0";0.005
1140;2021;"Test_lin";120;"0";0.005
1141;2021;"Test_lin";121;"0";0.005
1142;2021;"Test_lin";122;"0";0.005
1143;2021;"Test_lin";123;"0";0.005
1144;2021;"Test_lin";124;"0";0.005
1145;2021;"Test_lin";125;"0";0.005
1146;2021;"Test_lin";126;"0";0.005
1147;2021;"Test_lin";127;"0";0.005
1148;2021;"Test_lin";128;"0";0.005
1149;2021;"Test_lin";129;"0";0.005
1150;2021;"Test_lin";130;"0";0.005
1151;2021;"Test_lin";131;"0";0.005
1152;2021;"Test_lin";132;"0";0.005
1153;2021;"Test_lin";133;"0";0.005
1154;2021;"Test_lin";134;"0";0.005
1155;2021;"Test_lin";135;"0";0.005
1156;2021;"Test_lin";136;"0";0.005
1157;2021;"Test_lin";137;"0";0.005
1158;2021;"Test_lin";138;"0";0.005
1159;2021;"Test_lin";139;"0";0.005
1160;2021;"Test_lin";140;"0";0.005
1161;2021;"Test_lin";141;"0";0.005
1162;2021;"Test_lin";142;"0";0.005
1163;2021;"Test_lin";143;"0";0.005
1164;2021;"Test_lin";144;"0";0.005
1165;2021;"Test_lin";145;"0";0.005
1166;2021;"Test_lin";146;"0";0.005
1167;2021;"Test_lin";147;"0";0.005
1168;2021;"Test_lin";148;"0";0.005
1169;2021;"Test_lin";149;"0";0.005
1170;2021;"Test_lin";150;"0";0.005
1171;2021;"Test_lin";151;"0";0.005
1172;2021;"Test_lin";152;"0";0.005
1173;2021;"Test_lin";153;"0";0.005
1174;2021;"Test_lin";154;"0";0.005
1175;2021;"Test_lin";155;"0";0.005
1176;2021;"Test_lin";156;"0";0.005
1177;2021;"Test_lin";157;"0";0.005
1178;2021;"Test_lin";158;"0";0.005
1179;2021;"Test_lin";159;"0";0.005
1180;2021;"Test_lin";160;"0";0.005
1181;2021;"Test_lin";161;"0";0.005
1182;2021;"Test_lin";162;"0";0.005
1183;2021;"Test_lin";163;"0";0.005
1184;2021;"Test_lin";164;"0";0.005
1185;2021;"Test_lin";165;"0";0.005
1186;2021;"Test_lin";166;"0";0.005
1187;2021;"Test_lin";167;"0";0.005
1188;2021;"Test_lin";168;"0";0.005
1189;2021;"Test_lin";169;"0";0.005
1190;2021;"Test_lin";170;"0";0.005
1191;2021;"Test_lin";171;"0";0.005
1192;2021;"Test_lin";172;"0";0.005
1193;2021;"Test_lin";173;"0";0.005
1194;2021;"Test_lin";174;"0";0.005
1195;2021;"Test_lin";175;"0";0.005
1196;2021;"Test_lin";176;"0";0.005
1197;2021;"Test_lin";177;"0";0.005
1198;2021;"Test_lin";178;"0";0.005
1199;2021;"Test_lin";179;"0";0.005
1200;2021;"Test_lin";180;"0";0.005
1201;2021;"Test_lin";181;"0";0.005
1202;2021;"Test_lin";182;"0";0.005
1203;2021;"Test_lin";183;"0";0.005
1204;2021;"Test_lin";184;"0";0.005
1205;2021;"Test_lin";185;"0";0.005
1206;2021;"Test_lin";186;"0";0.005
1207;2021;"Test_lin";187;"0";0.005
1208;2021;"Test_lin";188;"0";0.005
1209;2021;"Test_lin";189;"0";0.005
1210;2021;"Test_lin";190;"0";0.005
1211;2021;"Test_lin";191;"0";0.005
1212;2021;"Test_lin";192;"0";0.005
1213;2021;"Test_lin";193;"0";0.005
1214;2021;"Test_lin";194;"0";0.005
1215;2021;"Test_lin";195;"0";0.005
1216;2021;"Test_lin";196;"0";0.005
1217;2021;"Test_lin";197;"0";0.005
1218;2021;"Test_lin";198;"0";0.005
1219;2021;"Test_lin";199;"0";0.005
1220;2021;"Test_lin";200;"0";0.005
1221;2021;"Test_lin";201;"0";0.005
1222;2021;"Test_lin";202;"0";0.005
1223;2021;"Test_lin";203;"0";0.005
1224;2021;"Test_lin";204;"0";0.005
1225;2021;"Test_lin";205;"0";0.005
1226;2021;"Test_lin";206;"0";0.005
1227;2021;"Test_lin";207;"0";0.005
1228;2021;"Test_lin";208;"0";0.005
1229;2021;"Test_lin";209;"0";0.005
1230;2021;"Test_lin";210;"0";0.005
1231;2021;"Test_lin";211;"0";0.005
1232;2021;"Test_lin";212;"0";0.005
1233;2021;"Test_lin";213;"0";0.005
1234;2021;"Test_lin";214;"0";0.005
1235;2021;"Test_lin";215;"0";0.005
1236;2021;"Test_lin";216;"0";0.005
1237;2021;"Test_lin";217;"0";0.005
1238;2021;"Test_lin";218;"0";0.005
1239;2021;"Test_lin";219;"0";0.005
1240;2021;"Test_lin";220;"0";0.005
1241;2021;"Test_lin";221;"0";0.005
1242;2021;"Test_lin";222;"0";0.005
1243;2021;"Test_lin";223;"0";0.005
1244;2021;"Test_lin";224;"0";0.005
1245;2021;"Test_lin";225;"0";0.005
1246;2021;"Test_lin";226;"0";0.005
1247;2021;"Test_lin";227;"0";0.005
1248;2021;"Test_lin";228;"0";0.005
1249;2021;"Test_lin";229;"0";0.005
1250;2021;"Test_lin";230;"0";0.005
1251;2021;"Test_lin";231;"0";0.005
1252;2021;"Test_lin";232;"0";0.005
1253;2021;"Test_lin";233;"0";0.005
1254;2021;"Test_lin";234;"0";0.005
1255;2021;"Test_lin";235;"0";0.005
1256;2021;"Test_lin";236;"0";0.005
1257;2021;"Test_lin";237;"0";0.005
1258;2021;"Test_lin";238;"0";0.005
1259;2021;"Test_lin";239;"0";0.005
1260;2021;"Test_lin";240;"0";0.005
1261;2021;"Test_pot";1;"0";0.005
1262;2021;"Test_pot";2;"0";0.005
1263;2021;"Test_pot";3;"0";0.005
1264;2021;"Test_pot";4;"0";0.005
1265;2021;"Test_pot";5;"0";0.005
1266;2021;"Test_pot";6;"0";0.005
1267;2021;"Test_pot";7;"0";0.005
1268;2021;"Test_pot";8;"0";0.005
1269;2021;"Test_pot";9;"0";0.005
1270;2021;"Test_pot";10;"0";0.005
1271;2021;"Test_pot";11;"0";0.005
1272;2021;"Test_pot";12;"0";0.005
1273;2021;"Test_pot";13;"0";0.005
1274;2021;"Test_pot";14;"0";0.005
1275;2021;"Test_pot";15;"0";0.005
1276;2021;"Test_pot";16;"0";0.005
1277;2021;"Test_pot";17;"0";0.005
1278;2021;"Test_pot";18;"0";0.005
1279;2021;"Test_pot";19;"0";0.005
1280;2021;"Test_pot";20;"0";0.005
1281;2021;"Test_pot";21;"0";0.005
1282;2021;"Test_pot";22;"0";0.005
1283;2021;"Test_pot";23;"0";0.005
1284;2021;"Test_pot";24;"0";0.005
1285;2021;"Test_pot";25;"0";0.005
1286;2021;"Test_pot";26;"0";0.005
1287;2021;"Test_pot";27;"0";0.005
1288;2021;"Test_pot";28;"0";0.005
1289;2021;"Test_pot";29;"0";0.005
1290;2021;"Test_pot";30;"0";0.005
1291;2021;"Test_pot";31;"0";0.005
1292;2021;"Test_pot";32;"0";0.005
1293;2021;"Test_pot";33;"0";0.005
1294;2021;"Test_pot";34;"0";0.005
1295;2021;"Test_pot";35;"0";0.005
1296;2021;"Test_pot";36;"0";0.005
1297;2021;"Test_pot";37;"0";0.005
1298;2021;"Test_pot";38;"0";0.005
1299;2021;"Test_pot";39;"0";0.005
1300;2021;"Test_pot";40;"0";0.005
1301;2021;"Test_pot";41;"0";0.005
1302;2021;"Test_pot";42;"0";0.005
1303;2021;"Test_pot";43;"0";0.005
1304;2021;"Test_pot";44;"0";0.005
1305;2021;"Test_pot";45;"0";0.005
1306;2021;"Test_pot";46;"0";0.005
1307;2021;"Test_pot";47;"0";0.005
1308;2021;"Test_pot";48;"0";0.005
1309;2021;"Test_pot";49;"0";0.005
1310;2021;"Test_pot";50;"0";0.005
1311;2021;"Test_pot";51;"0";0.005
1312;2021;"Test_pot";52;"0";0.005
1313;2021;"Test_pot";53;"0";0.005
1314;2021;"Test_pot";54;"0";0.005
1315;2021;"Test_pot";55;"0";0.005
1316;2021;"Test_pot";56;"0";0.005
1317;2021;"Test_pot";57;"0";0.005
1318;2021;"Test_pot";58;"0";0.005
1319;2021;"Test_pot";59;"0";0.005
1320;2021;"Test_pot";60;"0";0.005
1321;2021;"Test_pot";61;"0";0.005
1322;2021;"Test_pot";62;"0";0.005
1323;2021;"Test_pot";63;"0";0.005
1324;2021;"Test_pot";64;"0";0.005
1325;2021;"Test_pot";65;"0";0.005
1326;2021;"Test_pot";66;"0";0.005
1327;2021;"Test_pot";67;"0";0.005
1328;2021;"Test_pot";68;"0";0.005
1329;2021;"Test_pot";69;"0";0.005
1330;2021;"Test_pot";70;"0";0.005
1331;2021;"Test_pot";71;"0";0.005
1332;2021;"Test_pot";72;"0";0.005
1333;2021;"Test_pot";73;"0";0.005
1334;2021;"Test_pot";74;"0";0.005
1335;2021;"Test_pot";75;"0";0.005
1336;2021;"Test_pot";76;"0";0.005
1337;2021;"Test_pot";77;"0";0.005
1338;2021;"Test_pot";78;"0";0.005
1339;2021;"Test_pot";79;"0";0.005
1340;2021;"Test_pot";80;"0";0.005
1341;2021;"Test_pot";81;"0";0.005
1342;2021;"Test_pot";82;"0";0.005
1343;2021;"Test_pot";83;"0";0.005
1344;2021;"Test_pot";84;"0";0.005
1345;2021;"Test_pot";85;"0";0.005
1346;2021;"Test_pot";86;"0";0.005
1347;2021;"Test_pot";87;"0";0.005
1348;2021;"Test_pot";88;"0";0.005
1349;2021;"Test_pot";89;"0";0.005
1350;2021;"Test_pot";90;"0";0.005
1351;2021;"Test_pot";91;"0";0.005
1352;2021;"Test_pot";92;"0";0.005
1353;2021;"Test_pot";93;"0";0.005
1354;2021;"Test_pot";94;"0";0.005
1355;2021;"Test_pot";95;"0";0.005
1356;2021;"Test_pot";96;"0";0.005
1357;2021;"Test_pot";97;"0";0.005
1358;2021;"Test_pot";98;"0";0.005
1359;2021;"Test_pot";99;"0";0.005
1360;2021;"Test_pot";100;"0";0.005
1361;2021;"Test_pot";101;"0";0.005
1362;2021;"Test_pot";102;"0";0.005
1363;2021;"Test_pot";103;"0";0.005
1364;2021;"Test_pot";104;"0";0.005
1365;2021;"Test_pot";105;"0";0.005
1366;2021;"Test_pot";106;"0";0.005
1367;2021;"Test_pot";107;"0";0.005
1368;2021;"Test_pot";108;"0";0.005
1369;2021;"Test_pot";109;"0";0.005
1370;2021;"Test_pot";110;"0";0.005
1371;2021;"Test_pot";111;"0";0.005
1372;2021;"Test_pot";112;"0";0.005
1373;2021;"Test_pot";113;"0";0.005
1374;2021;"Test_pot";114;"0";0.005
1375;2021;"Test_pot";115;"0";0.005
1376;2021;"Test_pot";116;"0";0.005
1377;2021;"Test_pot";117;"0";0.005
1378;2021;"Test_pot";118;"0";0.005
1379;2021;"Test_pot";119;"0";0.005
1380;2021;"Test_pot";120;"0";0.005
1381;2021;"Test_pot";121;"0";0.005
1382;2021;"Test_pot";122;"0";0.005
1383;2021;"Test_pot";123;"0";0.005
1384;2021;"Test_pot";124;"0";0.005
1385;2021;"Test_pot";125;"0";0.005
1386;2021;"Test_pot";126;"0";0.005
1387;2021;"Test_pot";127;"0";0.005
1388;2021;"Test_pot";128;"0";0.005
1389;2021;"Test_pot";129;"0";0.005
1390;2021;"Test_pot";130;"0";0.005
1391;2021;"Test_pot";131;"0";0.005
1392;2021;"Test_pot";132;"0";0.005
1393;2021;"Test_pot";133;"0";0.005
1394;2021;"Test_pot";134;"0";0.005
1395;2021;"Test_pot";135;"0";0.005
1396;2021;"Test_pot";136;"0";0.005
1397;2021;"Test_pot";137;"0";0.005
1398;2021;"Test_pot";138;"0";0.005
1399;2021;"Test_pot";139;"0";0.005
1400;2021;"Test_pot";140;"0";0.005
1401;2021;"Test_pot";141;"0";0.005
1402;2021;"Test_pot";142;"0";0.005
1403;2021;"Test_pot";143;"0";0.005
1404;2021;"Test_pot";144;"0";0.005
1405;2021;"Test_pot";145;"0";0.005
1406;2021;"Test_pot";146;"0";0.005
1407;2021;"Test_pot";147;"0";0.005
1408;2021;"Test_pot";148;"0";0.005
1409;2021;"Test_pot";149;"0";0.005
1410;2021;"Test_pot";150;"0";0.005
1411;2021;"Test_pot";151;"0";0.005
1412;2021;"Test_pot";152;"0";0.005
1413;2021;"Test_pot";153;"0";0.005
1414;2021;"Test_pot";154;"0";0.005
1415;2021;"Test_pot";155;"0";0.005
1416;2021;"Test_pot";156;"0";0.005
1417;2021;"Test_pot";157;"0";0.005
1418;2021;"Test_pot";158;"0";0.005
1419;2021;"Test_pot";159;"0";0.005
1420;2021;"Test_pot";160;"0";0.005
1421;2021;"Test_pot";161;"0";0.005
1422;2021;"Test_pot";162;"0";0.005
1423;2021;"Test_pot";163;"0";0.005
1424;2021;"Test_pot";164;"0";0.005
1425;2021;"Test_pot";165;"0";0.005
1426;2021;"Test_pot";166;"0";0.005
1427;2021;"Test_pot";167;"0";0.005
1428;2021;"Test_pot";168;"0";0.005
1429;2021;"Test_pot";169;"0";0.005
1430;2021;"Test_pot";170;"0";0.005
1431;2021;"Test_pot";171;"0";0.005
1432;2021;"Test_pot";172;"0";0.005
1433;2021;"Test_pot";173;"0";0.005
1434;2021;"Test_pot";174;"0";0.005
1435;2021;"Test_pot";175;"0";0.005
1436;2021;"Test_pot";176;"0";0.005
1437;2021;"Test_pot";177;"0";0.005
1438;2021;"Test_pot";178;"0";0.005
1439;2021;"Test_pot";179;"0";0.005
1440;2021;"Test_pot";180;"0";0.005
1441;2021;"Test_pot";181;"0";0.005
1442;2021;"Test_pot";182;"0";0.005
1443;2021;"Test_pot";183;"0";0.005
1444;2021;"Test_pot";184;"0";0.005
1445;2021;"Test_pot";185;"0";0.005
1446;2021;"Test_pot";186;"0";0.005
1447;2021;"Test_pot";187;"0";0.005
1448;2021;"Test_pot";188;"0";0.005
1449;2021;"Test_pot";189;"0";0.005
1450;2021;"Test_pot";190;"0";0.005
1451;2021;"Test_pot";191;"0";0.005
1452;2021;"Test_pot";192;"0";0.005
1453;2021;"Test_pot";193;"0";0.005
1454;2021;"Test_pot";194;"0";0.005
1455;2021;"Test_pot";195;"0";0.005
1456;2021;"Test_pot";196;"0";0.005
1457;2021;"Test_pot";197;"0";0.005
1458;2021;"Test_pot";198;"0";0.005
1459;2021;"Test_pot";199;"0";0.005
1460;2021;"Test_pot";200;"0";0.005
1461;2021;"Test_pot";201;"0";0.005
1462;2021;"Test_pot";202;"0";0.005
1463;2021;"Test_pot";203;"0";0.005
1464;2021;"Test_pot";204;"0";0.005
1465;2021;"Test_pot";205;"0";0.005
1466;2021;"Test_pot";206;"0";0.005
1467;2021;"Test_pot";207;"0";0.005
1468;2021;"Test_pot";208;"0";0.005
1469;2021;"Test_pot";209;"0";0.005
1470;2021;"Test_pot";210;"0";0.005
1471;2021;"Test_pot";211;"0";0.005
1472;2021;"Test_pot";212;"0";0.005
1473;2021;"Test_pot";213;"0";0.005
1474;2021;"Test_pot";214;"0";0.005
1475;2021;"Test_pot";215;"0";0.005
1476;2021;"Test_pot";216;"0";0.005
1477;2021;"Test_pot";217;"0";0.005
1478;2021;"Test_pot";218;"0";0.005
1479;2021;"Test_pot";219;"0";0.005
1480;2021;"Test_pot";220;"0";0.005
1481;2021;"Test_pot";221;"0";0.005
1482;2021;"Test_pot";222;"0";0.005
1483;2021;"Test_pot";223;"0";0.005
1484;2021;"Test_pot";224;"0";0.005
1485;2021;"Test_pot";225;"0";0.005
1486;2021;"Test_pot";226;"0";0.005
1487;2021;"Test_pot";227;"0";0.005
1488;2021;"Test_pot";228;"0";0.005
1489;2021;"Test_pot";229;"0";0.005
1490;2021;"Test_pot";230;"0";0.005
1491;2021;"Test_pot";231;"0";0.005
1492;2021;"Test_pot";232;"0";0.005
1493;2021;"Test_pot";233;"0";0.005
1494;2021;"Test_pot";234;"0";0.005
1495;2021;"Test_pot";235;"0";0.005
1496;2021;"Test_pot";236;"0";0.005
1497;2021;"Test_pot";237;"0";0.005
1498;2021;"Test_pot";238;"0";0.005
1499;2021;"Test_pot";239;"0";0.005
1500;2021;"Test_pot";240;"0";0.005
1501;2022;"GLA_001";1;"0";0.35
1502;2022;"GLA_001";2;"0";0.35
1503;2022;"GLA_001";3;"0";0.35
1504;2022;"GLA_001";4;"0";0.35
1505;2022;"GLA_001";5;"0";0.35
1506;2022;"GLA_001";6;"0";0.35
1507;2022;"GLA_001";7;"0";0.35
1508;2022;"GLA_001";8;"0";0.35
1509;2022;"GLA_001";9;"0";0.35
1510;2022;"GLA_001";10;"0";0.35
1511;2022;"GLA_001";11;"0";0.35
1512;2022;"GLA_001";12;"0";0.35
1513;2022;"GLA_001";13;"0";0.25
1514;2022;"GLA_001";14;"0";0.25
1515;2022;"GLA_001";15;"0";0.25
1516;2022;"GLA_001";16;"0";0.25
1517;2022;"GLA_001";17;"0";0.25
1518;2022;"GLA_001";18;"0";0.25
1519;2022;"GLA_001";19;"0";0.25
1520;2022;"GLA_001";20;"0";0.25
1521;2022;"GLA_001";21;"0";0.25
1522;2022;"GLA_001";22;"0";0.25
1523;2022;"GLA_001";23;"0";0.25
1524;2022;"GLA_001";24;"0";0.25
1525;2022;"GLA_001";25;"0";0.2
1526;2022;"GLA_001";26;"0";0.2
1527;2022;"GLA_001";27;"0";0.2
1528;2022;"GLA_001";28;"0";0.2
1529;2022;"GLA_001";29;"0";0.2
1530;2022;"GLA_001";30;"0";0.2
1531;2022;"GLA_001";31;"0";0.2
1532;2022;"GLA_001";32;"0";0.2
1533;2022;"GLA_001";33;"0";0.2
1534;2022;"GLA_001";34;"0";0.2
1535;2022;"GLA_001";35;"0";0.2
1536;2022;"GLA_001";36;"0";0.2
1537;2022;"GLA_001";37;"0";0.15
1538;2022;"GLA_001";38;"0";0.15
1539;2022;"GLA_001";39;"0";0.15
1540;2022;"GLA_001";40;"0";0.15
1541;2022;"GLA_001";41;"0";0.15
1542;2022;"GLA_001";42;"0";0.15
1543;2022;"GLA_001";43;"0";0.15
1544;2022;"GLA_001";44;"0";0.15
1545;2022;"GLA_001";45;"0";0.15
1546;2022;"GLA_001";46;"0";0.15
1547;2022;"GLA_001";47;"0";0.15
1548;2022;"GLA_001";48;"0";0.15
1549;2022;"GLA_001";49;"0";0.15
1550;2022;"GLA_001";50;"0";0.15
1551;2022;"GLA_001";51;"0";0.15
1552;2022;"GLA_001";52;"0";0.15
1553;2022;"GLA_001";53;"0";0.15
1554;2022;"GLA_001";54;"0";0.15
1555;2022;"GLA_001";55;"0";0.15
1556;2022;"GLA_001";56;"0";0.15
1557;2022;"GLA_001";57;"0";0.15
1558;2022;"GLA_001";58;"0";0.15
1559;2022;"GLA_001";59;"0";0.15
1560;2022;"GLA_001";60;"0";0.15
1561;2022;"Inter_Constr_01";1;"0";0.0
1562;2022;"Inter_Constr_01";2;"0";0.0
1563;2022;"Inter_Constr_01";3;"0";0.0
1564;2022;"Inter_Constr_01";4;"0";0.0
1565;2022;"Inter_Constr_01";5;"0";0.0
1566;2022;"Inter_Constr_01";6;"0";0.0
1567;2022;"Inter_Constr_01";7;"0";0.0
1568;2022;"Inter_Constr_01";8;"0";0.0
1569;2022;"Inter_Constr_01";9;"0";0.0
1570;2022;"Inter_Constr_01";10;"0";0.0
1571;2022;"Inter_Constr_01";11;"0";0.0
1572;2022;"Inter_Constr_01";12;"0";0.0
1573;2022;"Inter_Constr_01";13;"0";0.0
1574;2022;"Inter_Constr_01";14;"0";0.0
1575;2022;"Inter_Constr_01";15;"0";0.0
1576;2022;"Inter_Constr_01";16;"0";0.0
1577;2022;"Inter_Constr_01";17;"0";0.0
1578;2022;"Inter_Constr_01";18;"0";0.0
1579;2022;"Inter_Constr_01";19;"0";0.0
1580;2022;"Inter_Constr_01";20;"0";0.0
1581;2022;"Inter_Constr_01";21;"0";0.0
1582;2022;"Inter_Constr_01";22;"0";0.0
1583;2022;"Inter_Constr_01";23;"0";0.0
1584;2022;"Inter_Constr_01";24;"0";0.0
1585;2022;"Inter_Constr_01";25;"0";0.0
1586;2022;"Inter_Constr_01";26;"0";0.0
1587;2022;"Inter_Constr_01";27;"0";0.0
1588;2022;"Inter_Constr_01";28;"0";0.0
1589;2022;"Inter_Constr_01";29;"0";0.0
1590;2022;"Inter_Constr_01";30;"0";0.0
1591;2022;"Inter_Constr_01";31;"0";0.0
1592;2022;"Inter_Constr_01";32;"0";0.0
1593;2022;"Inter_Constr_01";33;"0";0.0
1594;2022;"Inter_Constr_01";34;"0";0.0
1595;2022;"Inter_Constr_01";35;"0";0.0
1596;2022;"Inter_Constr_01";36;"0";0.0
1597;2022;"Inter_Constr_01";37;"0";0.0
1598;2022;"Inter_Constr_01";38;"0";0.0
1599;2022;"Inter_Constr_01";39;"0";0.0
1600;2022;"Inter_Constr_01";40;"0";0.0
1601;2022;"Inter_Constr_01";41;"0";0.0
1602;2022;"Inter_Constr_01";42;"0";0.0
1603;2022;"Inter_Constr_01";43;"0";0.0
1604;2022;"Inter_Constr_01";44;"0";0.0
1605;2022;"Inter_Constr_01";45;"0";0.0
1606;2022;"Inter_Constr_01";46;"0";0.0
1607;2022;"Inter_Constr_01";47;"0";0.0
1608;2022;"Inter_Constr_01";48;"0";0.0
1609;2022;"Inter_Constr_01";49;"0";0.0
1610;2022;"Inter_Constr_01";50;"0";0.0
1611;2022;"Inter_Constr_01";51;"0";0.0
1612;2022;"Inter_Constr_01";52;"0";0.0
1613;2022;"Inter_Constr_01";53;"0";0.0
1614;2022;"Inter_Constr_01";54;"0";0.0
1615;2022;"Inter_Constr_01";55;"0";0.0
1616;2022;"Inter_Constr_01";56;"0";0.0
1617;2022;"Inter_Constr_01";57;"0";0.0
1618;2022;"Inter_Constr_01";58;"0";0.0
1619;2022;"Inter_Constr_01";59;"0";0.0
1620;2022;"Inter_Constr_01";60;"0";0.0
1621;2022;"Tech_Off_01";1;"0";0.0
1622;2022;"Tech_Off_01";2;"0";0.0
1623;2022;"Tech_Off_01";3;"0";0.0
1624;2022;"Tech_Off_01";4;"0";0.0
1625;2022;"Tech_Off_01";5;"0";0.0
1626;2022;"Tech_Off_01";6;"0";0.0
1627;2022;"Tech_Off_01";7;"0";0.0
1628;2022;"Tech_Off_01";8;"0";0.0
1629;2022;"Tech_Off_01";9;"0";0.0
1630;2022;"Tech_Off_01";10;"0";0.0
1631;2022;"Tech_Off_01";11;"0";0.0
1632;2022;"Tech_Off_01";12;"0";0.0
1633;2022;"Tech_Off_01";13;"0";0.0
1634;2022;"Tech_Off_01";14;"0";0.0
1635;2022;"Tech_Off_01";15;"0";0.0
1636;2022;"Tech_Off_01";16;"0";0.0
1637;2022;"Tech_Off_01";17;"0";0.0
1638;2022;"Tech_Off_01";18;"0";0.0
1639;2022;"Tech_Off_01";19;"0";0.0
1640;2022;"Tech_Off_01";20;"0";0.0
1641;2022;"Tech_Off_01";21;"0";0.0
1642;2022;"Tech_Off_01";22;"0";0.0
1643;2022;"Tech_Off_01";23;"0";0.0
1644;2022;"Tech_Off_01";24;"0";0.0
1645;2022;"Tech_Off_01";25;"0";0.0
1646;2022;"Tech_Off_01";26;"0";0.0
1647;2022;"Tech_Off_01";27;"0";0.0
1648;2022;"Tech_Off_01";28;"0";0.0
1649;2022;"Tech_Off_01";29;"0";0.0
1650;2022;"Tech_Off_01";30;"0";0.0
1651;2022;"Tech_Off_01";31;"0";0.0
1652;2022;"Tech_Off_01";32;"0";0.0
1653;2022;"Tech_Off_01";33;"0";0.0
1654;2022;"Tech_Off_01";34;"0";0.0
1655;2022;"Tech_Off_01";35;"0";0.0
1656;2022;"Tech_Off_01";36;"0";0.0
1657;2022;"Tech_Off_01";37;"0";0.0
1658;2022;"Tech_Off_01";38;"0";0.0
1659;2022;"Tech_Off_01";39;"0";0.0
1660;2022;"Tech_Off_01";40;"0";0.0
1661;2022;"Tech_Off_01";41;"0";0.0
1662;2022;"Tech_Off_01";42;"0";0.0
1663;2022;"Tech_Off_01";43;"0";0.0
1664;2022;"Tech_Off_01";44;"0";0.0
1665;2022;"Tech_Off_01";45;"0";0.0
1666;2022;"Tech_Off_01";46;"0";0.0
1667;2022;"Tech_Off_01";47;"0";0.0
1668;2022;"Tech_Off_01";48;"0";0.0
1669;2022;"Tech_Off_01";49;"0";0.0
1670;2022;"Tech_Off_01";50;"0";0.0
1671;2022;"Tech_Off_01";51;"0";0.0
1672;2022;"Tech_Off_01";52;"0";0.0
1673;2022;"Tech_Off_01";53;"0";0.0
1674;2022;"Tech_Off_01";54;"0";0.0
1675;2022;"Tech_Off_01";55;"0";0.0
1676;2022;"Tech_Off_01";56;"0";0.0
1677;2022;"Tech_Off_01";57;"0";0.0
1678;2022;"Tech_Off_01";58;"0";0.0
1679;2022;"Tech_Off_01";59;"0";0.0
1680;2022;"Tech_Off_01";60;"0";0.0
1681;2022;"Tech_On_01";1;"0";0.0
1682;2022;"Tech_On_01";2;"0";0.0
1683;2022;"Tech_On_01";3;"0";0.0
1684;2022;"Tech_On_01";4;"0";0.0
1685;2022;"Tech_On_01";5;"0";0.0
1686;2022;"Tech_On_01";6;"0";0.0
1687;2022;"Tech_On_01";7;"0";0.0
1688;2022;"Tech_On_01";8;"0";0.0
1689;2022;"Tech_On_01";9;"0";0.0
1690;2022;"Tech_On_01";10;"0";0.0
1691;2022;"Tech_On_01";11;"0";0.0
1692;2022;"Tech_On_01";12;"0";0.0
1693;2022;"Tech_On_01";13;"0";0.0
1694;2022;"Tech_On_01";14;"0";0.0
1695;2022;"Tech_On_01";15;"0";0.0
1696;2022;"Tech_On_01";16;"0";0.0
1697;2022;"Tech_On_01";17;"0";0.0
1698;2022;"Tech_On_01";18;"0";0.0
1699;2022;"Tech_On_01";19;"0";0.0
1700;2022;"Tech_On_01";20;"0";0.0
1701;2022;"Tech_On_01";21;"0";0.0
1702;2022;"Tech_On_01";22;"0";0.0
1703;2022;"Tech_On_01";23;"0";0.0
1704;2022;"Tech_On_01";24;"0";0.0
1705;2022;"Tech_On_01";25;"0";0.0
1706;2022;"Tech_On_01";26;"0";0.0
1707;2022;"Tech_On_01";27;"0";0.0
1708;2022;"Tech_On_01";28;"0";0.0
1709;2022;"Tech_On_01";29;"0";0.0
1710;2022;"Tech_On_01";30;"0";0.0
1711;2022;"Tech_On_01";31;"0";0.0
1712;2022;"Tech_On_01";32;"0";0.0
1713;2022;"Tech_On_01";33;"0";0.0
1714;2022;"Tech_On_01";34;"0";0.0
1715;2022;"Tech_On_01";35;"0";0.0
1716;2022;"Tech_On_01";36;"0";0.0
1717;2022;"Tech_On_01";37;"0";0.0
1718;2022;"Tech_On_01";38;"0";0.0
1719;2022;"Tech_On_01";39;"0";0.0
1720;2022;"Tech_On_01";40;"0";0.0
1721;2022;"Tech_On_01";41;"0";0.0
1722;2022;"Tech_On_01";42;"0";0.0
1723;2022;"Tech_On_01";43;"0";0.0
1724;2022;"Tech_On_01";44;"0";0.0
1725;2022;"Tech_On_01";45;"0";0.0
1726;2022;"Tech_On_01";46;"0";0.0
1727;2022;"Tech_On_01";47;"0";0.0
1728;2022;"Tech_On_01";48;"0";0.0
1729;2022;"Tech_On_01";49;"0";0.0
1730;2022;"Tech_On_01";50;"0";0.0
1731;2022;"Tech_On_01";51;"0";0.0
1732;2022;"Tech_On_01";52;"0";0.0
1733;2022;"Tech_On_01";53;"0";0.0
1734;2022;"Tech_On_01";54;"0";0.0
1735;2022;"Tech_On_01";55;"0";0.0
1736;2022;"Tech_On_01";56;"0";0.0
1737;2022;"Tech_On_01";57;"0";0.0
1738;2022;"Tech_On_01";58;"0";0.0
1739;2022;"Tech_On_01";59;"0";0.0
1740;2022;"Tech_On_01";60;"0";0.0
1741;2022;"UK_Prop_01";1;"0";0.0
1742;2022;"UK_Prop_01";2;"0";0.0
1743;2022;"UK_Prop_01";3;"0";0.0
1744;2022;"UK_Prop_01";4;"0";0.0
1745;2022;"UK_Prop_01";5;"0";0.0
1746;2022;"UK_Prop_01";6;"0";0.0
1747;2022;"UK_Prop_01";7;"0";0.0
1748;2022;"UK_Prop_01";8;"0";0.0
1749;2022;"UK_Prop_01";9;"0";0.0
1750;2022;"UK_Prop_01";10;"0";0.0
1751;2022;"UK_Prop_01";11;"0";0.0
1752;2022;"UK_Prop_01";12;"0";0.0
1753;2022;"UK_Prop_01";13;"0";0.0
1754;2022;"UK_Prop_01";14;"0";0.0
1755;2022;"UK_Prop_01";15;"0";0.0
1756;2022;"UK_Prop_01";16;"0";0.0
1757;2022;"UK_Prop_01";17;"0";0.0
1758;2022;"UK_Prop_01";18;"0";0.0
1759;2022;"UK_Prop_01";19;"0";0.0
1760;2022;"UK_Prop_01";20;"0";0.0
1761;2022;"UK_Prop_01";21;"0";0.0
1762;2022;"UK_Prop_01";22;"0";0.0
1763;2022;"UK_Prop_01";23;"0";0.0
1764;2022;"UK_Prop_01";24;"0";0.0
1765;2022;"UK_Prop_01";25;"0";0.0
1766;2022;"UK_Prop_01";26;"0";0.0
1767;2022;"UK_Prop_01";27;"0";0.0
1768;2022;"UK_Prop_01";28;"0";0.0
1769;2022;"UK_Prop_01";29;"0";0.0
1770;2022;"UK_Prop_01";30;"0";0.0
1771;2022;"UK_Prop_01";31;"0";0.0
1772;2022;"UK_Prop_01";32;"0";0.0
1773;2022;"UK_Prop_01";33;"0";0.0
1774;2022;"UK_Prop_01";34;"0";0.0
1775;2022;"UK_Prop_01";35;"0";0.0
1776;2022;"UK_Prop_01";36;"0";0.0
1777;2022;"UK_Prop_01";37;"0";0.0
1778;2022;"UK_Prop_01";38;"0";0.0
1779;2022;"UK_Prop_01";39;"0";0.0
1780;2022;"UK_Prop_01";40;"0";0.0
1781;2022;"UK_Prop_01";41;"0";0.0
1782;2022;"UK_Prop_01";42;"0";0.0
1783;2022;"UK_Prop_01";43;"0";0.0
1784;2022;"UK_Prop_01";44;"0";0.0
1785;2022;"UK_Prop_01";45;"0";0.0
1786;2022;"UK_Prop_01";46;"0";0.0
1787;2022;"UK_Prop_01";47;"0";0.0
1788;2022;"UK_Prop_01";48;"0";0.0
1789;2022;"UK_Prop_01";49;"0";0.0
1790;2022;"UK_Prop_01";50;"0";0.0
1791;2022;"UK_Prop_01";51;"0";0.0
1792;2022;"UK_Prop_01";52;"0";0.0
1793;2022;"UK_Prop_01";53;"0";0.0
1794;2022;"UK_Prop_01";54;"0";0.0
1795;2022;"UK_Prop_01";55;"0";0.0
1796;2022;"UK_Prop_01";56;"0";0.0
1797;2022;"UK_Prop_01";57;"0";0.0
1798;2022;"UK_Prop_01";58;"0";0.0
1799;2022;"UK_Prop_01";59;"0";0.0
1800;2022;"UK_Prop_01";60;"0";0.0
1801;2022;"Pol_Risk_01";1;"0";0.0
1802;2022;"Pol_Risk_01";2;"0";0.0
1803;2022;"Pol_Risk_01";3;"0";0.0
1804;2022;"Pol_Risk_01";4;"0";0.0
1805;2022;"Pol_Risk_01";5;"0";0.0
1806;2022;"Pol_Risk_01";6;"0";0.0
1807;2022;"Pol_Risk_01";7;"0";0.0
1808;2022;"Pol_Risk_01";8;"0";0.0
1809;2022;"Pol_Risk_01";9;"0";0.0
1810;2022;"Pol_Risk_01";10;"0";0.0
1811;2022;"Pol_Risk_01";11;"0";0.0
1812;2022;"Pol_Risk_01";12;"0";0.0
1813;2022;"Pol_Risk_01";13;"0";0.0
1814;2022;"Pol_Risk_01";14;"0";0.0
1815;2022;"Pol_Risk_01";15;"0";0.0
1816;2022;"Pol_Risk_01";16;"0";0.0
1817;2022;"Pol_Risk_01";17;"0";0.0
1818;2022;"Pol_Risk_01";18;"0";0.0
1819;2022;"Pol_Risk_01";19;"0";0.0
1820;2022;"Pol_Risk_01";20;"0";0.0
1821;2022;"Pol_Risk_01";21;"0";0.0
1822;2022;"Pol_Risk_01";22;"0";0.0
1823;2022;"Pol_Risk_01";23;"0";0.0
1824;2022;"Pol_Risk_01";24;"0";0.0
1825;2022;"Pol_Risk_01";25;"0";0.0
1826;2022;"Pol_Risk_01";26;"0";0.0
1827;2022;"Pol_Risk_01";27;"0";0.0
1828;2022;"Pol_Risk_01";28;"0";0.0
1829;2022;"Pol_Risk_01";29;"0";0.0
1830;2022;"Pol_Risk_01";30;"0";0.0
1831;2022;"Pol_Risk_01";31;"0";0.0
1832;2022;"Pol_Risk_01";32;"0";0.0
1833;2022;"Pol_Risk_01";33;"0";0.0
1834;2022;"Pol_Risk_01";34;"0";0.0
1835;2022;"Pol_Risk_01";35;"0";0.0
1836;2022;"Pol_Risk_01";36;"0";0.0
1837;2022;"Pol_Risk_01";37;"0";0.0
1838;2022;"Pol_Risk_01";38;"0";0.0
1839;2022;"Pol_Risk_01";39;"0";0.0
1840;2022;"Pol_Risk_01";40;"0";0.0
1841;2022;"Pol_Risk_01";41;"0";0.0
1842;2022;"Pol_Risk_01";42;"0";0.0
1843;2022;"Pol_Risk_01";43;"0";0.0
1844;2022;"Pol_Risk_01";44;"0";0.0
1845;2022;"Pol_Risk_01";45;"0";0.0
1846;2022;"Pol_Risk_01";46;"0";0.0
1847;2022;"Pol_Risk_01";47;"0";0.0
1848;2022;"Pol_Risk_01";48;"0";0.0
1849;2022;"Pol_Risk_01";49;"0";0.0
1850;2022;"Pol_Risk_01";50;"0";0.0
1851;2022;"Pol_Risk_01";51;"0";0.0
1852;2022;"Pol_Risk_01";52;"0";0.0
1853;2022;"Pol_Risk_01";53;"0";0.0
1854;2022;"Pol_Risk_01";54;"0";0.0
1855;2022;"Pol_Risk_01";55;"0";0.0
1856;2022;"Pol_Risk_01";56;"0";0.0
1857;2022;"Pol_Risk_01";57;"0";0.0
1858;2022;"Pol_Risk_01";58;"0";0.0
1859;2022;"Pol_Risk_01";59;"0";0.0
1860;2022;"Pol_Risk_01";60;"0";0.0
1861;2022;"Fin_lines_DO_01";1;"0";0.0
1862;2022;"Fin_lines_DO_01";2;"0";0.0
1863;2022;"Fin_lines_DO_01";3;"0";0.0
1864;2022;"Fin_lines_DO_01";4;"0";0.0
1865;2022;"Fin_lines_DO_01";5;"0";0.0
1866;2022;"Fin_lines_DO_01";6;"0";0.0
1867;2022;"Fin_lines_DO_01";7;"0";0.0
1868;2022;"Fin_lines_DO_01";8;"0";0.0
1869;2022;"Fin_lines_DO_01";9;"0";0.0
1870;2022;"Fin_lines_DO_01";10;"0";0.0
1871;2022;"Fin_lines_DO_01";11;"0";0.0
1872;2022;"Fin_lines_DO_01";12;"0";0.0
1873;2022;"Fin_lines_DO_01";13;"0";0.0
1874;2022;"Fin_lines_DO_01";14;"0";0.0
1875;2022;"Fin_lines_DO_01";15;"0";0.0
1876;2022;"Fin_lines_DO_01";16;"0";0.0
1877;2022;"Fin_lines_DO_01";17;"0";0.0
1878;2022;"Fin_lines_DO_01";18;"0";0.0
1879;2022;"Fin_lines_DO_01";19;"0";0.0
1880;2022;"Fin_lines_DO_01";20;"0";0.0
1881;2022;"Fin_lines_DO_01";21;"0";0.0
1882;2022;"Fin_lines_DO_01";22;"0";0.0
1883;2022;"Fin_lines_DO_01";23;"0";0.0
1884;2022;"Fin_lines_DO_01";24;"0";0.0
1885;2022;"Fin_lines_DO_01";25;"0";0.0
1886;2022;"Fin_lines_DO_01";26;"0";0.0
1887;2022;"Fin_lines_DO_01";27;"0";0.0
1888;2022;"Fin_lines_DO_01";28;"0";0.0
1889;2022;"Fin_lines_DO_01";29;"0";0.0
1890;2022;"Fin_lines_DO_01";30;"0";0.0
1891;2022;"Fin_lines_DO_01";31;"0";0.0
1892;2022;"Fin_lines_DO_01";32;"0";0.0
1893;2022;"Fin_lines_DO_01";33;"0";0.0
1894;2022;"Fin_lines_DO_01";34;"0";0.0
1895;2022;"Fin_lines_DO_01";35;"0";0.0
1896;2022;"Fin_lines_DO_01";36;"0";0.0
1897;2022;"Fin_lines_DO_01";37;"0";0.0
1898;2022;"Fin_lines_DO_01";38;"0";0.0
1899;2022;"Fin_lines_DO_01";39;"0";0.0
1900;2022;"Fin_lines_DO_01";40;"0";0.0
1901;2022;"Fin_lines_DO_01";41;"0";0.0
1902;2022;"Fin_lines_DO_01";42;"0";0.0
1903;2022;"Fin_lines_DO_01";43;"0";0.0
1904;2022;"Fin_lines_DO_01";44;"0";0.0
1905;2022;"Fin_lines_DO_01";45;"0";0.0
1906;2022;"Fin_lines_DO_01";46;"0";0.0
1907;2022;"Fin_lines_DO_01";47;"0";0.0
1908;2022;"Fin_lines_DO_01";48;"0";0.0
1909;2022;"Fin_lines_DO_01";49;"0";0.0
1910;2022;"Fin_lines_DO_01";50;"0";0.0
1911;2022;"Fin_lines_DO_01";51;"0";0.0
1912;2022;"Fin_lines_DO_01";52;"0";0.0
1913;2022;"Fin_lines_DO_01";53;"0";0.0
1914;2022;"Fin_lines_DO_01";54;"0";0.0
1915;2022;"Fin_lines_DO_01";55;"0";0.0
1916;2022;"Fin_lines_DO_01";56;"0";0.0
1917;2022;"Fin_lines_DO_01";57;"0";0.0
1918;2022;"Fin_lines_DO_01";58;"0";0.0
1919;2022;"Fin_lines_DO_01";59;"0";0.0
1920;2022;"Fin_lines_DO_01";60;"0";0.0
1921;2022;"Fin_lines_PI_01";1;"0";0.0
1922;2022;"Fin_lines_PI_01";2;"0";0.0
1923;2022;"Fin_lines_PI_01";3;"0";0.0
1924;2022;"Fin_lines_PI_01";4;"0";0.0
1925;2022;"Fin_lines_PI_01";5;"0";0.0
1926;2022;"Fin_lines_PI_01";6;"0";0.0
1927;2022;"Fin_lines_PI_01";7;"0";0.0
1928;2022;"Fin_lines_PI_01";8;"0";0.0
1929;2022;"Fin_lines_PI_01";9;"0";0.0
1930;2022;"Fin_lines_PI_01";10;"0";0.0
1931;2022;"Fin_lines_PI_01";11;"0";0.0
1932;2022;"Fin_lines_PI_01";12;"0";0.0
1933;2022;"Fin_lines_PI_01";13;"0";0.0
1934;2022;"Fin_lines_PI_01";14;"0";0.0
1935;2022;"Fin_lines_PI_01";15;"0";0.0
1936;2022;"Fin_lines_PI_01";16;"0";0.0
1937;2022;"Fin_lines_PI_01";17;"0";0.0
1938;2022;"Fin_lines_PI_01";18;"0";0.0
1939;2022;"Fin_lines_PI_01";19;"0";0.0
1940;2022;"Fin_lines_PI_01";20;"0";0.0
1941;2022;"Fin_lines_PI_01";21;"0";0.0
1942;2022;"Fin_lines_PI_01";22;"0";0.0
1943;2022;"Fin_lines_PI_01";23;"0";0.0
1944;2022;"Fin_lines_PI_01";24;"0";0.0
1945;2022;"Fin_lines_PI_01";25;"0";0.0
1946;2022;"Fin_lines_PI_01";26;"0";0.0
1947;2022;"Fin_lines_PI_01";27;"0";0.0
1948;2022;"Fin_lines_PI_01";28;"0";0.0
1949;2022;"Fin_lines_PI_01";29;"0";0.0
1950;2022;"Fin_lines_PI_01";30;"0";0.0
1951;2022;"Fin_lines_PI_01";31;"0";0.0
1952;2022;"Fin_lines_PI_01";32;"0";0.0
1953;2022;"Fin_lines_PI_01";33;"0";0.0
1954;2022;"Fin_lines_PI_01";34;"0";0.0
1955;2022;"Fin_lines_PI_01";35;"0";0.0
1956;2022;"Fin_lines_PI_01";36;"0";0.0
1957;2022;"Fin_lines_PI_01";37;"0";0.0
1958;2022;"Fin_lines_PI_01";38;"0";0.0
1959;2022;"Fin_lines_PI_01";39;"0";0.0
1960;2022;"Fin_lines_PI_01";40;"0";0.0
1961;2022;"Fin_lines_PI_01";41;"0";0.0
1962;2022;"Fin_lines_PI_01";42;"0";0.0
1963;2022;"Fin_lines_PI_01";43;"0";0.0
1964;2022;"Fin_lines_PI_01";44;"0";0.0
1965;2022;"Fin_lines_PI_01";45;"0";0.0
1966;2022;"Fin_lines_PI_01";46;"0";0.0
1967;2022;"Fin_lines_PI_01";47;"0";0.0
1968;2022;"Fin_lines_PI_01";48;"0";0.0
1969;2022;"Fin_lines_PI_01";49;"0";0.0
1970;2022;"Fin_lines_PI_01";50;"0";0.0
1971;2022;"Fin_lines_PI_01";51;"0";0.0
1972;2022;"Fin_lines_PI_01";52;"0";0.0
1973;2022;"Fin_lines_PI_01";53;"0";0.0
1974;2022;"Fin_lines_PI_01";54;"0";0.0
1975;2022;"Fin_lines_PI_01";55;"0";0.0
1976;2022;"Fin_lines_PI_01";56;"0";0.0
1977;2022;"Fin_lines_PI_01";57;"0";0.0
1978;2022;"Fin_lines_PI_01";58;"0";0.0
1979;2022;"Fin_lines_PI_01";59;"0";0.0
1980;2022;"Fin_lines_PI_01";60;"0";0.0
1981;2022;"Gen_Liab_01";1;"0";0.0
1982;2022;"Gen_Liab_01";2;"0";0.0
1983;2022;"Gen_Liab_01";3;"0";0.0
1984;2022;"Gen_Liab_01";4;"0";0.0
1985;2022;"Gen_Liab_01";5;"0";0.0
1986;2022;"Gen_Liab_01";6;"0";0.0
1987;2022;"Gen_Liab_01";7;"0";0.0
1988;2022;"Gen_Liab_01";8;"0";0.0
1989;2022;"Gen_Liab_01";9;"0";0.0
1990;2022;"Gen_Liab_01";10;"0";0.0
1991;2022;"Gen_Liab_01";11;"0";0.0
1992;2022;"Gen_Liab_01";12;"0";0.0
1993;2022;"Gen_Liab_01";13;"0";0.0
1994;2022;"Gen_Liab_01";14;"0";0.0
1995;2022;"Gen_Liab_01";15;"0";0.0
1996;2022;"Gen_Liab_01";16;"0";0.0
1997;2022;"Gen_Liab_01";17;"0";0.0
1998;2022;"Gen_Liab_01";18;"0";0.0
1999;2022;"Gen_Liab_01";19;"0";0.0
2000;2022;"Gen_Liab_01";20;"0";0.0
2001;2022;"Gen_Liab_01";21;"0";0.0
2002;2022;"Gen_Liab_01";22;"0";0.0
2003;2022;"Gen_Liab_01";23;"0";0.0
2004;2022;"Gen_Liab_01";24;"0";0.0
2005;2022;"Gen_Liab_01";25;"0";0.0
2006;2022;"Gen_Liab_01";26;"0";0.0
2007;2022;"Gen_Liab_01";27;"0";0.0
2008;2022;"Gen_Liab_01";28;"0";0.0
2009;2022;"Gen_Liab_01";29;"0";0.0
2010;2022;"Gen_Liab_01";30;"0";0.0
2011;2022;"Gen_Liab_01";31;"0";0.0
2012;2022;"Gen_Liab_01";32;"0";0.0
2013;2022;"Gen_Liab_01";33;"0";0.0
2014;2022;"Gen_Liab_01";34;"0";0.0
2015;2022;"Gen_Liab_01";35;"0";0.0
2016;2022;"Gen_Liab_01";36;"0";0.0
2017;2022;"Gen_Liab_01";37;"0";0.0
2018;2022;"Gen_Liab_01";38;"0";0.0
2019;2022;"Gen_Liab_01";39;"0";0.0
2020;2022;"Gen_Liab_01";40;"0";0.0
2021;2022;"Gen_Liab_01";41;"0";0.0
2022;2022;"Gen_Liab_01";42;"0";0.0
2023;2022;"Gen_Liab_01";43;"0";0.0
2024;2022;"Gen_Liab_01";44;"0";0.0
2025;2022;"Gen_Liab_01";45;"0";0.0
2026;2022;"Gen_Liab_01";46;"0";0.0
2027;2022;"Gen_Liab_01";47;"0";0.0
2028;2022;"Gen_Liab_01";48;"0";0.0
2029;2022;"Gen_Liab_01";49;"0";0.0
2030;2022;"Gen_Liab_01";50;"0";0.0
2031;2022;"Gen_Liab_01";51;"0";0.0
2032;2022;"Gen_Liab_01";52;"0";0.0
2033;2022;"Gen_Liab_01";53;"0";0.0
2034;2022;"Gen_Liab_01";54;"0";0.0
2035;2022;"Gen_Liab_01";55;"0";0.0
2036;2022;"Gen_Liab_01";56;"0";0.0
2037;2022;"Gen_Liab_01";57;"0";0.0
2038;2022;"Gen_Liab_01";58;"0";0.0
2039;2022;"Gen_Liab_01";59;"0";0.0
2040;2022;"Gen_Liab_01";60;"0";0.0
2041;2022;"Aero_01";1;"0";0.0
2042;2022;"Aero_01";2;"0";0.0
2043;2022;"Aero_01";3;"0";0.0
2044;2022;"Aero_01";4;"0";0.0
2045;2022;"Aero_01";5;"0";0.0
2046;2022;"Aero_01";6;"0";0.0
2047;2022;"Aero_01";7;"0";0.0
2048;2022;"Aero_01";8;"0";0.0
2049;2022;"Aero_01";9;"0";0.0
2050;2022;"Aero_01";10;"0";0.0
2051;2022;"Aero_01";11;"0";0.0
2052;2022;"Aero_01";12;"0";0.0
2053;2022;"Aero_01";13;"0";0.0
2054;2022;"Aero_01";14;"0";0.0
2055;2022;"Aero_01";15;"0";0.0
2056;2022;"Aero_01";16;"0";0.0
2057;2022;"Aero_01";17;"0";0.0
2058;2022;"Aero_01";18;"0";0.0
2059;2022;"Aero_01";19;"0";0.0
2060;2022;"Aero_01";20;"0";0.0
2061;2022;"Aero_01";21;"0";0.0
2062;2022;"Aero_01";22;"0";0.0
2063;2022;"Aero_01";23;"0";0.0
2064;2022;"Aero_01";24;"0";0.0
2065;2022;"Aero_01";25;"0";0.0
2066;2022;"Aero_01";26;"0";0.0
2067;2022;"Aero_01";27;"0";0.0
2068;2022;"Aero_01";28;"0";0.0
2069;2022;"Aero_01";29;"0";0.0
2070;2022;"Aero_01";30;"0";0.0
2071;2022;"Aero_01";31;"0";0.0
2072;2022;"Aero_01";32;"0";0.0
2073;2022;"Aero_01";33;"0";0.0
2074;2022;"Aero_01";34;"0";0.0
2075;2022;"Aero_01";35;"0";0.0
2076;2022;"Aero_01";36;"0";0.0
2077;2022;"Aero_01";37;"0";0.0
2078;2022;"Aero_01";38;"0";0.0
2079;2022;"Aero_01";39;"0";0.0
2080;2022;"Aero_01";40;"0";0.0
2081;2022;"Aero_01";41;"0";0.0
2082;2022;"Aero_01";42;"0";0.0
2083;2022;"Aero_01";43;"0";0.0
2084;2022;"Aero_01";44;"0";0.0
2085;2022;"Aero_01";45;"0";0.0
2086;2022;"Aero_01";46;"0";0.0
2087;2022;"Aero_01";47;"0";0.0
2088;2022;"Aero_01";48;"0";0.0
2089;2022;"Aero_01";49;"0";0.0
2090;2022;"Aero_01";50;"0";0.0
2091;2022;"Aero_01";51;"0";0.0
2092;2022;"Aero_01";52;"0";0.0
2093;2022;"Aero_01";53;"0";0.0
2094;2022;"Aero_01";54;"0";0.0
2095;2022;"Aero_01";55;"0";0.0
2096;2022;"Aero_01";56;"0";0.0
2097;2022;"Aero_01";57;"0";0.0
2098;2022;"Aero_01";58;"0";0.0
2099;2022;"Aero_01";59;"0";0.0
2100;2022;"Aero_01";60;"0";0.0
2101;2022;"Airline_Ded_01";1;"0";0.0
2102;2022;"Airline_Ded_01";2;"0";0.0
2103;2022;"Airline_Ded_01";3;"0";0.0
2104;2022;"Airline_Ded_01";4;"0";0.0
2105;2022;"Airline_Ded_01";5;"0";0.0
2106;2022;"Airline_Ded_01";6;"0";0.0
2107;2022;"Airline_Ded_01";7;"0";0.0
2108;2022;"Airline_Ded_01";8;"0";0.0
2109;2022;"Airline_Ded_01";9;"0";0.0
2110;2022;"Airline_Ded_01";10;"0";0.0
2111;2022;"Airline_Ded_01";11;"0";0.0
2112;2022;"Airline_Ded_01";12;"0";0.0
2113;2022;"Airline_Ded_01";13;"0";0.0
2114;2022;"Airline_Ded_01";14;"0";0.0
2115;2022;"Airline_Ded_01";15;"0";0.0
2116;2022;"Airline_Ded_01";16;"0";0.0
2117;2022;"Airline_Ded_01";17;"0";0.0
2118;2022;"Airline_Ded_01";18;"0";0.0
2119;2022;"Airline_Ded_01";19;"0";0.0
2120;2022;"Airline_Ded_01";20;"0";0.0
2121;2022;"Airline_Ded_01";21;"0";0.0
2122;2022;"Airline_Ded_01";22;"0";0.0
2123;2022;"Airline_Ded_01";23;"0";0.0
2124;2022;"Airline_Ded_01";24;"0";0.0
2125;2022;"Airline_Ded_01";25;"0";0.0
2126;2022;"Airline_Ded_01";26;"0";0.0
2127;2022;"Airline_Ded_01";27;"0";0.0
2128;2022;"Airline_Ded_01";28;"0";0.0
2129;2022;"Airline_Ded_01";29;"0";0.0
2130;2022;"Airline_Ded_01";30;"0";0.0
2131;2022;"Airline_Ded_01";31;"0";0.0
2132;2022;"Airline_Ded_01";32;"0";0.0
2133;2022;"Airline_Ded_01";33;"0";0.0
2134;2022;"Airline_Ded_01";34;"0";0.0
2135;2022;"Airline_Ded_01";35;"0";0.0
2136;2022;"Airline_Ded_01";36;"0";0.0
2137;2022;"Airline_Ded_01";37;"0";0.0
2138;2022;"Airline_Ded_01";38;"0";0.0
2139;2022;"Airline_Ded_01";39;"0";0.0
2140;2022;"Airline_Ded_01";40;"0";0.0
2141;2022;"Airline_Ded_01";41;"0";0.0
2142;2022;"Airline_Ded_01";42;"0";0.0
2143;2022;"Airline_Ded_01";43;"0";0.0
2144;2022;"Airline_Ded_01";44;"0";0.0
2145;2022;"Airline_Ded_01";45;"0";0.0
2146;2022;"Airline_Ded_01";46;"0";0.0
2147;2022;"Airline_Ded_01";47;"0";0.0
2148;2022;"Airline_Ded_01";48;"0";0.0
2149;2022;"Airline_Ded_01";49;"0";0.0
2150;2022;"Airline_Ded_01";50;"0";0.0
2151;2022;"Airline_Ded_01";51;"0";0.0
2152;2022;"Airline_Ded_01";52;"0";0.0
2153;2022;"Airline_Ded_01";53;"0";0.0
2154;2022;"Airline_Ded_01";54;"0";0.0
2155;2022;"Airline_Ded_01";55;"0";0.0
2156;2022;"Airline_Ded_01";56;"0";0.0
2157;2022;"Airline_Ded_01";57;"0";0.0
2158;2022;"Airline_Ded_01";58;"0";0.0
2159;2022;"Airline_Ded_01";59;"0";0.0
2160;2022;"Airline_Ded_01";60;"0";0.0
2161;2022;"Airlines_01";1;"0";0.0
2162;2022;"Airlines_01";2;"0";0.0
2163;2022;"Airlines_01";3;"0";0.0
2164;2022;"Airlines_01";4;"0";0.0
2165;2022;"Airlines_01";5;"0";0.0
2166;2022;"Airlines_01";6;"0";0.0
2167;2022;"Airlines_01";7;"0";0.0
2168;2022;"Airlines_01";8;"0";0.0
2169;2022;"Airlines_01";9;"0";0.0
2170;2022;"Airlines_01";10;"0";0.0
2171;2022;"Airlines_01";11;"0";0.0
2172;2022;"Airlines_01";12;"0";0.0
2173;2022;"Airlines_01";13;"0";0.0
2174;2022;"Airlines_01";14;"0";0.0
2175;2022;"Airlines_01";15;"0";0.0
2176;2022;"Airlines_01";16;"0";0.0
2177;2022;"Airlines_01";17;"0";0.0
2178;2022;"Airlines_01";18;"0";0.0
2179;2022;"Airlines_01";19;"0";0.0
2180;2022;"Airlines_01";20;"0";0.0
2181;2022;"Airlines_01";21;"0";0.0
2182;2022;"Airlines_01";22;"0";0.0
2183;2022;"Airlines_01";23;"0";0.0
2184;2022;"Airlines_01";24;"0";0.0
2185;2022;"Airlines_01";25;"0";0.0
2186;2022;"Airlines_01";26;"0";0.0
2187;2022;"Airlines_01";27;"0";0.0
2188;2022;"Airlines_01";28;"0";0.0
2189;2022;"Airlines_01";29;"0";0.0
2190;2022;"Airlines_01";30;"0";0.0
2191;2022;"Airlines_01";31;"0";0.0
2192;2022;"Airlines_01";32;"0";0.0
2193;2022;"Airlines_01";33;"0";0.0
2194;2022;"Airlines_01";34;"0";0.0
2195;2022;"Airlines_01";35;"0";0.0
2196;2022;"Airlines_01";36;"0";0.0
2197;2022;"Airlines_01";37;"0";0.0
2198;2022;"Airlines_01";38;"0";0.0
2199;2022;"Airlines_01";39;"0";0.0
2200;2022;"Airlines_01";40;"0";0.0
2201;2022;"Airlines_01";41;"0";0.0
2202;2022;"Airlines_01";42;"0";0.0
2203;2022;"Airlines_01";43;"0";0.0
2204;2022;"Airlines_01";44;"0";0.0
2205;2022;"Airlines_01";45;"0";0.0
2206;2022;"Airlines_01";46;"0";0.0
2207;2022;"Airlines_01";47;"0";0.0
2208;2022;"Airlines_01";48;"0";0.0
2209;2022;"Airlines_01";49;"0";0.0
2210;2022;"Airlines_01";50;"0";0.0
2211;2022;"Airlines_01";51;"0";0.0
2212;2022;"Airlines_01";52;"0";0.0
2213;2022;"Airlines_01";53;"0";0.0
2214;2022;"Airlines_01";54;"0";0.0
2215;2022;"Airlines_01";55;"0";0.0
2216;2022;"Airlines_01";56;"0";0.0
2217;2022;"Airlines_01";57;"0";0.0
2218;2022;"Airlines_01";58;"0";0.0
2219;2022;"Airlines_01";59;"0";0.0
2220;2022;"Airlines_01";60;"0";0.0
2221;2022;"Aviation_War_01";1;"0";0.0
2222;2022;"Aviation_War_01";2;"0";0.0
2223;2022;"Aviation_War_01";3;"0";0.0
2224;2022;"Aviation_War_01";4;"0";0.0
2225;2022;"Aviation_War_01";5;"0";0.0
2226;2022;"Aviation_War_01";6;"0";0.0
2227;2022;"Aviation_War_01";7;"0";0.0
2228;2022;"Aviation_War_01";8;"0";0.0
2229;2022;"Aviation_War_01";9;"0";0.0
2230;2022;"Aviation_War_01";10;"0";0.0
2231;2022;"Aviation_War_01";11;"0";0.0
2232;2022;"Aviation_War_01";12;"0";0.0
2233;2022;"Aviation_War_01";13;"0";0.0
2234;2022;"Aviation_War_01";14;"0";0.0
2235;2022;"Aviation_War_01";15;"0";0.0
2236;2022;"Aviation_War_01";16;"0";0.0
2237;2022;"Aviation_War_01";17;"0";0.0
2238;2022;"Aviation_War_01";18;"0";0.0
2239;2022;"Aviation_War_01";19;"0";0.0
2240;2022;"Aviation_War_01";20;"0";0.0
2241;2022;"Aviation_War_01";21;"0";0.0
2242;2022;"Aviation_War_01";22;"0";0.0
2243;2022;"Aviation_War_01";23;"0";0.0
2244;2022;"Aviation_War_01";24;"0";0.0
2245;2022;"Aviation_War_01";25;"0";0.0
2246;2022;"Aviation_War_01";26;"0";0.0
2247;2022;"Aviation_War_01";27;"0";0.0
2248;2022;"Aviation_War_01";28;"0";0.0
2249;2022;"Aviation_War_01";29;"0";0.0
2250;2022;"Aviation_War_01";30;"0";0.0
2251;2022;"Aviation_War_01";31;"0";0.0
2252;2022;"Aviation_War_01";32;"0";0.0
2253;2022;"Aviation_War_01";33;"0";0.0
2254;2022;"Aviation_War_01";34;"0";0.0
2255;2022;"Aviation_War_01";35;"0";0.0
2256;2022;"Aviation_War_01";36;"0";0.0
2257;2022;"Aviation_War_01";37;"0";0.0
2258;2022;"Aviation_War_01";38;"0";0.0
2259;2022;"Aviation_War_01";39;"0";0.0
2260;2022;"Aviation_War_01";40;"0";0.0
2261;2022;"Aviation_War_01";41;"0";0.0
2262;2022;"Aviation_War_01";42;"0";0.0
2263;2022;"Aviation_War_01";43;"0";0.0
2264;2022;"Aviation_War_01";44;"0";0.0
2265;2022;"Aviation_War_01";45;"0";0.0
2266;2022;"Aviation_War_01";46;"0";0.0
2267;2022;"Aviation_War_01";47;"0";0.0
2268;2022;"Aviation_War_01";48;"0";0.0
2269;2022;"Aviation_War_01";49;"0";0.0
2270;2022;"Aviation_War_01";50;"0";0.0
2271;2022;"Aviation_War_01";51;"0";0.0
2272;2022;"Aviation_War_01";52;"0";0.0
2273;2022;"Aviation_War_01";53;"0";0.0
2274;2022;"Aviation_War_01";54;"0";0.0
2275;2022;"Aviation_War_01";55;"0";0.0
2276;2022;"Aviation_War_01";56;"0";0.0
2277;2022;"Aviation_War_01";57;"0";0.0
2278;2022;"Aviation_War_01";58;"0";0.0
2279;2022;"Aviation_War_01";59;"0";0.0
2280;2022;"Aviation_War_01";60;"0";0.0
2281;2022;"Gen_Aviation_01";1;"0";0.0
2282;2022;"Gen_Aviation_01";2;"0";0.0
2283;2022;"Gen_Aviation_01";3;"0";0.0
2284;2022;"Gen_Aviation_01";4;"0";0.0
2285;2022;"Gen_Aviation_01";5;"0";0.0
2286;2022;"Gen_Aviation_01";6;"0";0.0
2287;2022;"Gen_Aviation_01";7;"0";0.0
2288;2022;"Gen_Aviation_01";8;"0";0.0
2289;2022;"Gen_Aviation_01";9;"0";0.0
2290;2022;"Gen_Aviation_01";10;"0";0.0
2291;2022;"Gen_Aviation_01";11;"0";0.0
2292;2022;"Gen_Aviation_01";12;"0";0.0
2293;2022;"Gen_Aviation_01";13;"0";0.0
2294;2022;"Gen_Aviation_01";14;"0";0.0
2295;2022;"Gen_Aviation_01";15;"0";0.0
2296;2022;"Gen_Aviation_01";16;"0";0.0
2297;2022;"Gen_Aviation_01";17;"0";0.0
2298;2022;"Gen_Aviation_01";18;"0";0.0
2299;2022;"Gen_Aviation_01";19;"0";0.0
2300;2022;"Gen_Aviation_01";20;"0";0.0
2301;2022;"Gen_Aviation_01";21;"0";0.0
2302;2022;"Gen_Aviation_01";22;"0";0.0
2303;2022;"Gen_Aviation_01";23;"0";0.0
2304;2022;"Gen_Aviation_01";24;"0";0.0
2305;2022;"Gen_Aviation_01";25;"0";0.0
2306;2022;"Gen_Aviation_01";26;"0";0.0
2307;2022;"Gen_Aviation_01";27;"0";0.0
2308;2022;"Gen_Aviation_01";28;"0";0.0
2309;2022;"Gen_Aviation_01";29;"0";0.0
2310;2022;"Gen_Aviation_01";30;"0";0.0
2311;2022;"Gen_Aviation_01";31;"0";0.0
2312;2022;"Gen_Aviation_01";32;"0";0.0
2313;2022;"Gen_Aviation_01";33;"0";0.0
2314;2022;"Gen_Aviation_01";34;"0";0.0
2315;2022;"Gen_Aviation_01";35;"0";0.0
2316;2022;"Gen_Aviation_01";36;"0";0.0
2317;2022;"Gen_Aviation_01";37;"0";0.0
2318;2022;"Gen_Aviation_01";38;"0";0.0
2319;2022;"Gen_Aviation_01";39;"0";0.0
2320;2022;"Gen_Aviation_01";40;"0";0.0
2321;2022;"Gen_Aviation_01";41;"0";0.0
2322;2022;"Gen_Aviation_01";42;"0";0.0
2323;2022;"Gen_Aviation_01";43;"0";0.0
2324;2022;"Gen_Aviation_01";44;"0";0.0
2325;2022;"Gen_Aviation_01";45;"0";0.0
2326;2022;"Gen_Aviation_01";46;"0";0.0
2327;2022;"Gen_Aviation_01";47;"0";0.0
2328;2022;"Gen_Aviation_01";48;"0";0.0
2329;2022;"Gen_Aviation_01";49;"0";0.0
2330;2022;"Gen_Aviation_01";50;"0";0.0
2331;2022;"Gen_Aviation_01";51;"0";0.0
2332;2022;"Gen_Aviation_01";52;"0";0.0
2333;2022;"Gen_Aviation_01";53;"0";0.0
2334;2022;"Gen_Aviation_01";54;"0";0.0
2335;2022;"Gen_Aviation_01";55;"0";0.0
2336;2022;"Gen_Aviation_01";56;"0";0.0
2337;2022;"Gen_Aviation_01";57;"0";0.0
2338;2022;"Gen_Aviation_01";58;"0";0.0
2339;2022;"Gen_Aviation_01";59;"0";0.0
2340;2022;"Gen_Aviation_01";60;"0";0.0
